<project xmlns="http://maven.apache.org/POM/4.0.0"
         xmlns:xsi="http://www.w3.org/2001/XMLSchema-instance"
         xsi:schemaLocation="http://maven.apache.org/POM/4.0.0 https://maven.apache.org/xsd/maven-4.0.0.xsd">
    <modelVersion>4.0.0</modelVersion>

    <groupId>cl.duoc</groupId>
    <artifactId>jaxb-codegen</artifactId>
    <version>1.0</version>

    <build>
        <plugins>
            <plugin>
                <groupId>org.glassfish.jaxb</groupId>
                <artifactId>jaxb-xjc</artifactId>
                <version>4.0.3</version>
                <executions>
                    <execution>
                        <id>xjc</id>
                        <goals>
                            <goal>xjc</goal>
                        </goals>
                        <configuration>
                            <sources>
                                <source>${project.basedir}/src/main/resources/productos.xsd</source>
                            </sources>
                            <packageName>cl.duoc.productossoap.generated</packageName>
                            <outputDirectory>${project.basedir}/src/main/java</outputDirectory>
                        </configuration>
                    </execution>
                </executions>
            </plugin>
        </plugins>
    </build>

    <dependencies>
        <dependency>
            <groupId>org.glassfish.jaxb</groupId>
            <artifactId>jaxb-runtime</artifactId>
            <version>4.0.3</version>
        </dependency>
    </dependencies>
</project>
